task_id,send_time,recv_time,latency_ms
0,1784529988.5676692,1784529988.5735774,5.90825080871582
1,1784529988.5713592,1784529988.5781393,6.780147552490234
2,1784529988.5775087,1784529988.5799434,2.4347305297851562
3,1784529988.5793796,1784529988.581165,1.7855167388916016
4,1784529988.5802684,1784529988.5822978,2.0294189453125
5,1784529988.5821054,1784529988.5852718,3.1664371490478516
6,1784529988.585178,1784529988.5870845,1.9066333770751953
8,1784529988.5900574,1784529988.5918384,1.7809867858886719
7,1784529988.5869436,1784529988.589314,2.3703575134277344
9,1784529988.591451,1784529988.6079614,16.510486602783203
11,1784529988.5997336,1784529988.6128566,13.123035430908203
10,1784529988.5944483,1784529988.6127672,18.318891525268555
12,1784529988.6010103,1784529988.616449,15.43879508972168
13,1784529988.604202,1784529988.6163442,12.142181396484375
15,1784529988.608559,1784529988.6202216,11.662721633911133
14,1784529988.6068873,1784529988.621301,14.413595199584961
17,1784529988.6127658,1784529988.6221955,9.429693222045898
16,1784529988.610339,1784529988.6221957,11.856794357299805
18,1784529988.6177363,1784529988.6322322,14.495849609375
20,1784529988.6209495,1784529988.6333826,12.433052062988281
19,1784529988.6192696,1784529988.6347234,15.453815460205078
22,1784529988.6259196,1784529988.6387315,12.811899185180664
21,1784529988.6232796,1784529988.6361885,12.908935546875
24,1784529988.6321547,1784529988.6402,8.045196533203125
23,1784529988.6307936,1784529988.640185,9.391546249389648
25,1784529988.633939,1784529988.6439912,10.052204132080078
26,1784529988.6361365,1784529988.645271,9.134531021118164
27,1784529988.6385283,1784529988.650551,12.022733688354492
28,1784529988.6406784,1784529988.6505458,9.867429733276367
30,1784529988.6443665,1784529988.6542563,9.889841079711914
29,1784529988.642334,1784529988.6538198,11.485815048217773
31,1784529988.6511893,1784529988.655695,4.505634307861328
32,1784529988.6534457,1784529988.658128,4.682302474975586
33,1784529988.6562197,1784529988.6618981,5.678415298461914
34,1784529988.6577895,1784529988.6623888,4.599332809448242
35,1784529988.6594915,1784529988.6652765,5.7849884033203125
36,1784529988.6653917,1784529988.6672418,1.850128173828125
37,1784529988.6670856,1784529988.6703107,3.225088119506836
38,1784529988.670036,1784529988.6722138,2.177715301513672
39,1784529988.6726944,1784529988.6779184,5.223989486694336
40,1784529988.677453,1784529988.6796477,2.194643020629883
41,1784529988.6791408,1784529988.6808753,1.7344951629638672
42,1784529988.6808746,1784529988.6832423,2.367734909057617
43,1784529988.6832254,1784529988.6864922,3.2668113708496094
45,1784529988.6878214,1784529988.6892118,1.3904571533203125
44,1784529988.6863117,1784529988.6889892,2.677440643310547
46,1784529988.6891656,1784529988.6909153,1.7497539520263672
47,1784529988.6908693,1784529988.6967,5.8307647705078125
48,1784529988.6944928,1784529988.696773,2.2802352905273438
49,1784529988.6967394,1784529988.6979423,1.2028217315673828
50,1784529988.697953,1784529988.6999743,2.021312713623047
51,1784529988.7002726,1784529988.703252,2.9795169830322266
52,1784529988.7034256,1784529988.7051227,1.6970634460449219
53,1784529988.7047648,1784529988.7062974,1.5325546264648438
54,1784529988.706131,1784529988.7077446,1.613616943359375
55,1784529988.7074583,1784529988.7090793,1.6210079193115234
56,1784529988.7091405,1784529988.712047,2.9065608978271484
57,1784529988.7115822,1784529988.7135012,1.9190311431884766
58,1784529988.7139506,1784529988.715697,1.7464160919189453
59,1784529988.7155097,1784529988.717096,1.5864372253417969
60,1784529988.7169857,1784529988.7204921,3.5064220428466797
61,1784529988.7204895,1784529988.7224894,1.9998550415039062
62,1784529988.7226048,1784529988.7239635,1.3587474822998047
63,1784529988.7239196,1784529988.7251866,1.2669563293457031
64,1784529988.7251916,1784529988.727654,2.4623870849609375
66,1784529988.7298844,1784529988.7314477,1.5633106231689453
65,1784529988.7276132,1784529988.730228,2.614736557006836
67,1784529988.731577,1784529988.734953,3.376007080078125
68,1784529988.7348313,1784529988.7367475,1.9161701202392578
69,1784529988.7363884,1784529988.7387438,2.355337142944336
70,1784529988.7388523,1784529988.7411146,2.2623538970947266
71,1784529988.7403395,1784529988.7419813,1.6417503356933594
72,1784529988.7431319,1784529988.7463036,3.171682357788086
74,1784529988.7481873,1784529988.7495234,1.3360977172851562
73,1784529988.7462068,1784529988.7482824,2.075672149658203
75,1784529988.7495503,1784529988.7526782,3.1278133392333984
76,1784529988.752209,1784529988.7568538,4.644870758056641
77,1784529988.7550135,1784529988.760785,5.771636962890625
78,1784529988.7600374,1784529988.762538,2.5005340576171875
79,1784529988.7622395,1784529988.7638357,1.596212387084961
80,1784529988.7637234,1784529988.7690442,5.32078742980957
81,1784529988.765122,1784529988.7712486,6.126642227172852
83,1784529988.7688572,1784529988.771829,2.971649169921875
82,1784529988.766767,1784529988.7715802,4.813194274902344
84,1784529988.7712312,1784529988.7737205,2.489328384399414
87,1784529988.7773895,1784529988.7800517,2.662181854248047
85,1784529988.7728198,1784529988.780099,7.279157638549805
86,1784529988.7737262,1784529988.7807715,7.045269012451172
88,1784529988.7812743,1784529988.7842846,3.010272979736328
89,1784529988.784189,1784529988.7872827,3.093719482421875
90,1784529988.7865927,1784529988.7881763,1.5835762023925781
92,1784529988.7905226,1784529988.7921164,1.5938282012939453
91,1784529988.7887058,1784529988.7906294,1.9235610961914062
93,1784529988.7920785,1784529988.795814,3.7355422973632812
94,1784529988.794398,1784529988.7966945,2.29644775390625
96,1784529988.7994914,1784529988.8019269,2.435445785522461
97,1784529988.800992,1784529988.8030066,2.014636993408203
95,1784529988.7969463,1784529988.8004658,3.5195350646972656
98,1784529988.802843,1784529988.8052032,2.360105514526367
99,1784529988.8044858,1784529988.806675,2.189159393310547
100,1784529988.8067503,1784529988.8084362,1.6858577728271484
101,1784529988.8083825,1784529988.8097436,1.3611316680908203
102,1784529988.810307,1784529988.8119326,1.6255378723144531
103,1784529988.8115563,1784529988.8160925,4.536151885986328
104,1784529988.8132265,1784529988.8166838,3.457307815551758
105,1784529988.816706,1784529988.818762,2.056121826171875
106,1784529988.818351,1784529988.8214605,3.109455108642578
108,1784529988.8226295,1784529988.8245137,1.8842220306396484
107,1784529988.8211415,1784529988.8228045,1.6629695892333984
109,1784529988.8241293,1784529988.829598,5.468606948852539
110,1784529988.8252506,1784529988.8300204,4.769802093505859
111,1784529988.8299015,1784529988.8318925,1.9910335540771484
112,1784529988.8329744,1784529988.8371413,4.166841506958008
113,1784529988.8370724,1784529988.8390791,2.0067691802978516
116,1784529988.8464115,1784529988.8476229,1.211404800415039
114,1784529988.8384693,1784529988.8452415,6.772279739379883
117,1784529988.8475068,1784529988.8493326,1.8258094787597656
115,1784529988.8425786,1784529988.8468242,4.245519638061523
118,1784529988.8492227,1784529988.8535843,4.361629486083984
120,1784529988.852877,1784529988.8547006,1.8236637115478516
121,1784529988.8546531,1784529988.85642,1.7669200897216797
119,1784529988.8509595,1784529988.8539934,3.033876419067383
122,1784529988.856214,1784529988.861054,4.839897155761719
124,1784529988.8627887,1784529988.8650377,2.249002456665039
123,1784529988.8609507,1784529988.8638961,2.945423126220703
125,1784529988.8641186,1784529988.8655837,1.4650821685791016
126,1784529988.8656075,1784529988.8674853,1.8777847290039062
127,1784529988.8670092,1784529988.8710732,4.064083099365234
128,1784529988.8684409,1784529988.871678,3.2372474670410156
129,1784529988.8703024,1784529988.8729115,2.6090145111083984
130,1784529988.8714206,1784529988.8748271,3.406524658203125
132,1784529988.8741715,1784529988.879402,5.230426788330078
131,1784529988.8724267,1784529988.877748,5.321264266967773
133,1784529988.875504,1784529988.8797283,4.224300384521484
134,1784529988.8778691,1784529988.8812573,3.3881664276123047
135,1784529988.8812237,1784529988.8837304,2.506732940673828
136,1784529988.8836226,1784529988.8853364,1.7137527465820312
137,1784529988.8853476,1784529988.8865724,1.2247562408447266
139,1784529988.888988,1784529988.8906555,1.6674995422363281
138,1784529988.8864875,1784529988.8895383,3.0508041381835938
140,1784529988.8906636,1784529988.893046,2.3822784423828125
141,1784529988.89287,1784529988.8945658,1.695871353149414
142,1784529988.8946157,1784529988.8962579,1.6422271728515625
143,1784529988.8959746,1784529988.8978322,1.8575191497802734
144,1784529988.8978214,1784529988.8993082,1.4867782592773438
145,1784529988.8991346,1784529988.9009101,1.775503158569336
146,1784529988.9007366,1784529988.9038527,3.116130828857422
147,1784529988.9036446,1784529988.9057453,2.100706100463867
148,1784529988.9055583,1784529988.9075277,1.9693374633789062
149,1784529988.9073315,1784529988.9092467,1.9152164459228516
150,1784529988.9091802,1784529988.9111426,1.962423324584961
151,1784529988.911104,1784529988.9138737,2.7697086334228516
152,1784529988.9138954,1784529988.9155865,1.6911029815673828
153,1784529988.915643,1784529988.9171712,1.5282630920410156
154,1784529988.9171455,1784529988.9186552,1.5096664428710938
155,1784529988.918545,1784529988.9203293,1.7843246459960938
156,1784529988.9203956,1784529988.9231253,2.729654312133789
157,1784529988.9236045,1784529988.9251814,1.5769004821777344
158,1784529988.9251301,1784529988.9268649,1.7347335815429688
159,1784529988.9268322,1784529988.929105,2.2728443145751953
160,1784529988.929183,1784529988.93199,2.8069019317626953
161,1784529988.9318974,1784529988.9332447,1.3473033905029297
163,1784529988.9371486,1784529988.9400935,2.9449462890625
162,1784529988.933184,1784529988.937765,4.580974578857422
164,1784529988.9395487,1784529988.9411902,1.6415119171142578
165,1784529988.9413106,1784529988.9427907,1.4801025390625
166,1784529988.9427283,1784529988.944382,1.6536712646484375
167,1784529988.9442263,1784529988.945902,1.6758441925048828
168,1784529988.9458861,1784529988.948132,2.2459030151367188
169,1784529988.9477916,1784529988.949582,1.7905235290527344
170,1784529988.9493408,1784529988.9522066,2.8657913208007812
171,1784529988.9519842,1784529988.953804,1.8198490142822266
172,1784529988.9538379,1784529988.955541,1.703023910522461
173,1784529988.9557545,1784529988.9581237,2.3691654205322266
174,1784529988.957165,1784529988.9602046,3.0395984649658203
175,1784529988.9598649,1784529988.9647014,4.836559295654297
176,1784529988.9625247,1784529988.9662848,3.760099411010742
177,1784529988.9659417,1784529988.9678674,1.9257068634033203
178,1784529988.9677093,1784529988.969712,2.002716064453125
179,1784529988.9695609,1784529988.9718945,2.3336410522460938
180,1784529988.971574,1784529988.973468,1.8939971923828125
181,1784529988.9734952,1784529988.9756863,2.1910667419433594
183,1784529988.9774966,1784529988.9793148,1.8181800842285156
182,1784529988.9755366,1784529988.9780045,2.4678707122802734
184,1784529988.9795332,1784529988.9818964,2.3632049560546875
185,1784529988.9822314,1784529988.9848716,2.640247344970703
186,1784529988.9848392,1784529988.9874816,2.642393112182617
187,1784529988.987416,1784529988.9885278,1.111745834350586
188,1784529988.9884539,1784529988.9906757,2.221822738647461
190,1784529988.992555,1784529988.9943504,1.7955303192138672
189,1784529988.990465,1784529988.9958668,5.401849746704102
191,1784529988.9940088,1784529988.9977648,3.7560462951660156
192,1784529988.9975863,1784529988.9994168,1.8305778503417969
193,1784529988.9995358,1784529989.0010388,1.50299072265625
194,1784529989.001013,1784529989.0027962,1.783132553100586
195,1784529989.002646,1784529989.0041215,1.4755725860595703
196,1784529989.003938,1784529989.0066028,2.664804458618164
197,1784529989.0063293,1784529989.0085597,2.230405807495117
198,1784529989.0084574,1784529989.010102,1.6446113586425781
199,1784529989.0097063,1784529989.0113928,1.6865730285644531
200,1784529989.011362,1784529989.0134737,2.111673355102539
201,1784529989.013265,1784529989.0159519,2.6869773864746094
202,1784529989.0161731,1784529989.0177677,1.59454345703125
203,1784529989.017814,1784529989.0193672,1.5532970428466797
204,1784529989.0192435,1784529989.0205297,1.2862682342529297
205,1784529989.0210872,1784529989.0226374,1.5501976013183594
206,1784529989.0225012,1784529989.0251622,2.660989761352539
207,1784529989.0241494,1784529989.0294917,5.342245101928711
209,1784529989.0318,1784529989.0333188,1.5187263488769531
208,1784529989.0289083,1784529989.0320797,3.1714439392089844
210,1784529989.0333936,1784529989.034947,1.5532970428466797
211,1784529989.0349193,1784529989.0372362,2.3169517517089844
212,1784529989.036981,1784529989.038797,1.8157958984375
213,1784529989.038943,1784529989.0424879,3.5448074340820312
214,1784529989.0409286,1784529989.0442753,3.346681594848633
215,1784529989.0442595,1784529989.0467632,2.503633499145508
216,1784529989.0466702,1784529989.0499175,3.2472610473632812
217,1784529989.0480764,1784529989.0517724,3.695964813232422
218,1784529989.0509737,1784529989.0526965,1.7228126525878906
219,1784529989.0525846,1784529989.054195,1.6102790832519531
220,1784529989.054087,1784529989.057458,3.371000289916992
221,1784529989.056083,1784529989.0589817,2.898693084716797
223,1784529989.0631905,1784529989.0651133,1.9228458404541016
222,1784529989.0587788,1784529989.0627604,3.9815902709960938
224,1784529989.0650854,1784529989.070412,5.326509475708008
225,1784529989.0680263,1784529989.07045,2.4237632751464844
226,1784529989.0702057,1784529989.0714803,1.2745857238769531
227,1784529989.0711703,1784529989.0729883,1.817941665649414
228,1784529989.0729828,1784529989.075942,2.9592514038085938
229,1784529989.0750618,1784529989.0769355,1.8737316131591797
230,1784529989.076076,1784529989.0786388,2.5627613067626953
231,1784529989.0786004,1784529989.0804224,1.8219947814941406
232,1784529989.0803916,1784529989.0819643,1.5726089477539062
233,1784529989.0819478,1784529989.0840561,2.108335494995117
234,1784529989.0838535,1784529989.0854018,1.5482902526855469
236,1784529989.0863402,1784529989.0876086,1.2683868408203125
235,1784529989.0851834,1784529989.0864656,1.2822151184082031
237,1784529989.0890436,1784529989.091992,2.948284149169922
238,1784529989.0919626,1784529989.0943928,2.4302005767822266
239,1784529989.094308,1784529989.0968356,2.5277137756347656
240,1784529989.096772,1784529989.0981755,1.4035701751708984
241,1784529989.0985754,1784529989.1005054,1.9299983978271484
242,1784529989.1004505,1784529989.1016965,1.2459754943847656
243,1784529989.1015854,1784529989.103228,1.6427040100097656
245,1784529989.1056569,1784529989.107383,1.7261505126953125
244,1784529989.1041036,1784529989.1059499,1.8463134765625
246,1784529989.1071644,1784529989.1083004,1.1360645294189453
247,1784529989.1081536,1784529989.1111763,3.0226707458496094
248,1784529989.1118574,1784529989.1135526,1.6951560974121094
249,1784529989.1134531,1784529989.1149068,1.4536380767822266
250,1784529989.1148717,1784529989.116399,1.5273094177246094
251,1784529989.1164408,1784529989.1188843,2.443552017211914
253,1784529989.1204205,1784529989.1218276,1.4071464538574219
254,1784529989.121779,1784529989.122944,1.165151596069336
252,1784529989.1188583,1784529989.1205907,1.7323493957519531
258,1784529989.127678,1784529989.1305623,2.884387969970703
255,1784529989.1228147,1784529989.128323,5.5084228515625
256,1784529989.1242692,1784529989.1289651,4.695892333984375
257,1784529989.1257305,1784529989.12978,4.049539566040039
262,1784529989.1355877,1784529989.1379008,2.3131370544433594
260,1784529989.1321821,1784529989.1360366,3.854513168334961
259,1784529989.130577,1784529989.1360369,5.459785461425781
261,1784529989.1337314,1784529989.136942,3.2105445861816406
264,1784529989.1398547,1784529989.141986,2.131223678588867
263,1784529989.1372457,1784529989.141856,4.610300064086914
265,1784529989.1418521,1784529989.143745,1.8928050994873047
266,1784529989.1436312,1784529989.1485584,4.927158355712891
267,1784529989.1484349,1784529989.1505492,2.1142959594726562
268,1784529989.150517,1784529989.1522236,1.7066001892089844
269,1784529989.1521704,1784529989.1539319,1.7614364624023438
270,1784529989.1536841,1784529989.1559317,2.2475719451904297
271,1784529989.155889,1784529989.1583426,2.4535655975341797
272,1784529989.1583247,1784529989.1609726,2.647876739501953
273,1784529989.1609483,1784529989.1641784,3.2300949096679688
274,1784529989.1631618,1784529989.1650374,1.8756389617919922
275,1784529989.1649597,1784529989.1672902,2.3305416107177734
276,1784529989.1673272,1784529989.1692104,1.8832683563232422
277,1784529989.1692467,1784529989.1712632,2.0165443420410156
278,1784529989.1712172,1784529989.172986,1.7688274383544922
279,1784529989.172679,1784529989.1740913,1.4123916625976562
281,1784529989.1754186,1784529989.1778743,2.4557113647460938
280,1784529989.1740499,1784529989.1754405,1.390695571899414
283,1784529989.18162,1784529989.1831923,1.5723705291748047
282,1784529989.1780553,1784529989.181547,3.491640090942383
284,1784529989.1831577,1784529989.1848764,1.718759536743164
285,1784529989.1846008,1784529989.1869001,2.2993087768554688
286,1784529989.1864493,1784529989.1883252,1.8758773803710938
287,1784529989.1883419,1784529989.1903946,2.052783966064453
288,1784529989.1901577,1784529989.1928902,2.732515335083008
289,1784529989.192691,1784529989.1969035,4.212379455566406
290,1784529989.1976922,1784529989.2005353,2.843141555786133
291,1784529989.2000566,1784529989.2019703,1.9137859344482422
293,1784529989.2039993,1784529989.2055502,1.550912857055664
292,1784529989.2018654,1784529989.203995,2.1295547485351562
294,1784529989.2053168,1784529989.2066412,1.3244152069091797
296,1784529989.2117648,1784529989.2143877,2.622842788696289
295,1784529989.207646,1784529989.2126899,5.043983459472656
297,1784529989.2143314,1784529989.2520754,37.74404525756836
299,1784529989.2539463,1784529989.2584076,4.4612884521484375
298,1784529989.251947,1784529989.2543898,2.4428367614746094
300,1784529989.2584321,1784529989.2637691,5.336999893188477
302,1784529989.2685845,1784529989.2801917,11.607170104980469
301,1784529989.2639856,1784529989.2801445,16.1588191986084
303,1784529989.2769146,1784529989.2923584,15.443801879882812
304,1784529989.2848258,1784529989.3004966,15.6707763671875
305,1784529989.3003776,1784529989.3031387,2.7611255645751953
306,1784529989.3031702,1784529989.3048663,1.6961097717285156
307,1784529989.30494,1784529989.31339,8.450031280517578
309,1784529989.311553,1784529989.318854,7.301092147827148
308,1784529989.3087168,1784529989.3185296,9.81283187866211
311,1784529989.3163145,1784529989.3210132,4.698753356933594
310,1784529989.3132353,1784529989.3200908,6.855487823486328
312,1784529989.3180788,1784529989.3281362,10.057449340820312
313,1784529989.3198974,1784529989.3304389,10.541439056396484
314,1784529989.322482,1784529989.3317182,9.23609733581543
315,1784529989.3252168,1784529989.332328,7.111310958862305
316,1784529989.3297665,1784529989.3338618,4.095315933227539
317,1784529989.33365,1784529989.3355842,1.934051513671875
318,1784529989.3354185,1784529989.3374476,2.0291805267333984
319,1784529989.3375795,1784529989.3395417,1.9621849060058594
320,1784529989.3390036,1784529989.340336,1.3325214385986328
321,1784529989.3403182,1784529989.3418183,1.5001296997070312
322,1784529989.3418572,1784529989.3430774,1.2202262878417969
323,1784529989.342938,1784529989.34516,2.2220611572265625
324,1784529989.3448465,1784529989.3464978,1.6512870788574219
325,1784529989.3467345,1784529989.3487833,2.0487308502197266
326,1784529989.348363,1784529989.3499253,1.562356948852539
327,1784529989.3497012,1784529989.3522742,2.5730133056640625
328,1784529989.3528092,1784529989.3550644,2.2552013397216797
329,1784529989.3551495,1784529989.3569539,1.804351806640625
330,1784529989.3568578,1784529989.3590045,2.1467208862304688
332,1784529989.3635285,1784529989.3650453,1.5168190002441406
331,1784529989.3594348,1784529989.3636222,4.187345504760742
333,1784529989.3649566,1784529989.3665814,1.6248226165771484
336,1784529989.3693788,1784529989.3709192,1.5404224395751953
334,1784529989.3664947,1784529989.3681066,1.611948013305664
335,1784529989.3679867,1784529989.3706088,2.6221275329589844
337,1784529989.370543,1784529989.3732274,2.684354782104492
338,1784529989.3720381,1784529989.3755445,3.5064220428466797
339,1784529989.3736212,1784529989.3791854,5.564212799072266
340,1784529989.3792417,1784529989.3819304,2.6886463165283203
341,1784529989.381516,1784529989.3836234,2.107381820678711
342,1784529989.3833377,1784529989.3850977,1.7600059509277344
343,1784529989.385055,1784529989.386639,1.5840530395507812
344,1784529989.386485,1784529989.3880646,1.5795230865478516
345,1784529989.3878834,1784529989.3891385,1.255035400390625
346,1784529989.3891351,1784529989.3909054,1.7702579498291016
348,1784529989.3921301,1784529989.393685,1.5549659729003906
347,1784529989.3904743,1784529989.3921003,1.6260147094726562
349,1784529989.3934596,1784529989.397349,3.8895606994628906
350,1784529989.396204,1784529989.3992093,3.0052661895751953
351,1784529989.3986394,1784529989.4002986,1.6591548919677734
352,1784529989.3998644,1784529989.403217,3.352642059326172
353,1784529989.4031858,1784529989.4045904,1.4045238494873047
354,1784529989.4045653,1784529989.4069657,2.4003982543945312
356,1784529989.409421,1784529989.4112735,1.8525123596191406
355,1784529989.4065914,1784529989.4091337,2.542257308959961
357,1784529989.4113367,1784529989.4134781,2.1414756774902344
358,1784529989.413387,1784529989.4152148,1.8277168273925781
360,1784529989.4167004,1784529989.4181914,1.4910697937011719
359,1784529989.4151728,1784529989.417212,2.039194107055664
361,1784529989.4180388,1784529989.4198582,1.8193721771240234
362,1784529989.419825,1784529989.421534,1.708984375
363,1784529989.4216766,1784529989.4241009,2.4242401123046875
364,1784529989.424167,1784529989.426293,2.125978469848633
365,1784529989.4263768,1784529989.428394,2.0172595977783203
366,1784529989.4283829,1784529989.4304507,2.0678043365478516
367,1784529989.43002,1784529989.4318075,1.787424087524414
368,1784529989.4315906,1784529989.434541,2.950429916381836
369,1784529989.433735,1784529989.4367669,3.0319690704345703
370,1784529989.4366214,1784529989.4388156,2.1941661834716797
371,1784529989.4387612,1784529989.440295,1.5337467193603516
372,1784529989.4401882,1784529989.442642,2.4538040161132812
373,1784529989.4426024,1784529989.4441304,1.528024673461914
374,1784529989.4439402,1784529989.4469235,2.9833316802978516
376,1784529989.448332,1784529989.449523,1.1909008026123047
375,1784529989.4465837,1784529989.4489446,2.360820770263672
377,1784529989.4494686,1784529989.4518814,2.4127960205078125
378,1784529989.4518342,1784529989.4534311,1.5969276428222656
379,1784529989.453358,1784529989.455136,1.7781257629394531
380,1784529989.4551904,1784529989.4571888,1.9984245300292969
381,1784529989.4572058,1784529989.4603026,3.0968189239501953
382,1784529989.45862,1784529989.4608817,2.261638641357422
383,1784529989.4603658,1784529989.4647815,4.415750503540039
384,1784529989.4652553,1784529989.4667196,1.4643669128417969
385,1784529989.466648,1784529989.4686198,1.9717216491699219
386,1784529989.4685783,1784529989.4707198,2.1414756774902344
387,1784529989.4700584,1784529989.472622,2.5634765625
388,1784529989.4725232,1784529989.4744413,1.9180774688720703
389,1784529989.473945,1784529989.4753795,1.4345645904541016
390,1784529989.4752975,1784529989.4768097,1.512289047241211
391,1784529989.4767241,1784529989.4782844,1.560211181640625
392,1784529989.4783342,1784529989.4816294,3.2951831817626953
393,1784529989.4804478,1784529989.4827259,2.2780895233154297
394,1784529989.4828763,1784529989.4849517,2.0754337310791016
395,1784529989.48519,1784529989.4870107,1.8208026885986328
396,1784529989.4870815,1784529989.4896953,2.6137828826904297
397,1784529989.4894962,1784529989.4912403,1.7440319061279297
398,1784529989.490902,1784529989.4925556,1.6536712646484375
400,1784529989.493825,1784529989.4953332,1.5082359313964844
399,1784529989.4924855,1784529989.494592,2.1064281463623047
402,1784529989.4972537,1784529989.5025797,5.326032638549805
401,1784529989.4952106,1784529989.5028088,7.598161697387695
404,1784529989.5030515,1784529989.5057201,2.668619155883789
403,1784529989.498849,1784529989.5048304,5.9814453125
405,1784529989.5058322,1784529989.507348,1.5158653259277344
406,1784529989.506976,1784529989.5106084,3.6325454711914062
407,1784529989.5105813,1784529989.5136201,3.0388832092285156
408,1784529989.5135162,1784529989.5159667,2.4504661560058594
409,1784529989.515825,1784529989.5179904,2.1653175354003906
410,1784529989.5171797,1784529989.5207047,3.5250186920166016
411,1784529989.520174,1784529989.5233328,3.1588077545166016
412,1784529989.523371,1784529989.5256116,2.2406578063964844
413,1784529989.525069,1784529989.5293775,4.308462142944336
414,1784529989.529326,1784529989.5305529,1.2269020080566406
415,1784529989.5309079,1784529989.532781,1.873016357421875
416,1784529989.5326087,1784529989.534312,1.7032623291015625
417,1784529989.534185,1784529989.5377893,3.604412078857422
418,1784529989.535594,1784529989.5394557,3.861665725708008
419,1784529989.5367298,1784529989.541833,5.103111267089844
420,1784529989.538217,1784529989.545572,7.354974746704102
421,1784529989.539571,1784529989.5453355,5.764484405517578
423,1784529989.5506341,1784529989.5520608,1.42669677734375
422,1784529989.5443244,1784529989.550425,6.100654602050781
424,1784529989.5520482,1784529989.553535,1.4867782592773438
425,1784529989.5541694,1784529989.5556393,1.4698505401611328
426,1784529989.5556405,1784529989.5567718,1.131296157836914
427,1784529989.55674,1784529989.5636647,6.924629211425781
428,1784529989.563596,1784529989.5678215,4.225492477416992
429,1784529989.568298,1784529989.5714512,3.153085708618164
431,1784529989.5752788,1784529989.5775466,2.2678375244140625
430,1784529989.5713964,1784529989.5753481,3.9517879486083984
432,1784529989.577347,1784529989.5787444,1.3973712921142578
433,1784529989.5787199,1784529989.5807867,2.0668506622314453
434,1784529989.5807502,1784529989.5830836,2.333402633666992
435,1784529989.5826232,1784529989.5851834,2.560138702392578
436,1784529989.5841746,1784529989.5866215,2.446889877319336
437,1784529989.5864887,1784529989.588833,2.344369888305664
438,1784529989.5893626,1784529989.5971074,7.744789123535156
439,1784529989.5969722,1784529989.5985174,1.5451908111572266
440,1784529989.5983803,1784529989.600613,2.232789993286133
441,1784529989.6006587,1784529989.6019714,1.3127326965332031
442,1784529989.601811,1784529989.6028523,1.041412353515625
443,1784529989.602726,1784529989.6047192,1.9931793212890625
444,1784529989.6047394,1784529989.6066532,1.9137859344482422
445,1784529989.6069176,1784529989.6085734,1.6558170318603516
446,1784529989.6094754,1784529989.6113527,1.8773078918457031
447,1784529989.6111217,1784529989.6132019,2.080202102661133
448,1784529989.6127608,1784529989.6155536,2.792835235595703
449,1784529989.616536,1784529989.6185951,2.0592212677001953
451,1784529989.6197658,1784529989.6213357,1.569986343383789
450,1784529989.6185277,1784529989.6216326,3.1049251556396484
452,1784529989.621543,1784529989.6248279,3.284931182861328
453,1784529989.6246204,1784529989.6283834,3.762960433959961
454,1784529989.6267269,1784529989.6305563,3.829479217529297
455,1784529989.6283379,1784529989.6311436,2.8057098388671875
456,1784529989.631899,1784529989.6339066,2.0074844360351562
457,1784529989.6337247,1784529989.636118,2.3932456970214844
458,1784529989.6363509,1784529989.6403825,4.031658172607422
459,1784529989.6385162,1784529989.6401536,1.6374588012695312
460,1784529989.6401358,1784529989.6441274,3.9916038513183594
461,1784529989.6420786,1784529989.6469123,4.833698272705078
462,1784529989.6470804,1784529989.6495543,2.4738311767578125
463,1784529989.649197,1784529989.6513863,2.189159393310547
464,1784529989.6514673,1784529989.654704,3.2367706298828125
465,1784529989.653335,1784529989.6562018,2.8667449951171875
466,1784529989.6554263,1784529989.65832,2.893686294555664
467,1784529989.658825,1784529989.662954,4.129171371459961
468,1784529989.6629012,1784529989.664953,2.051830291748047
470,1784529989.6673098,1784529989.6692848,1.9750595092773438
469,1784529989.664896,1784529989.668134,3.2379627227783203
471,1784529989.6691918,1784529989.6723797,3.187894821166992
472,1784529989.6722417,1784529989.675011,2.7692317962646484
473,1784529989.6748557,1784529989.6778264,2.9706954956054688
474,1784529989.676635,1784529989.679627,2.991914749145508
476,1784529989.6811244,1784529989.6866257,5.501270294189453
475,1784529989.6789818,1784529989.6872694,8.287668228149414
478,1784529989.685501,1784529989.6897106,4.2095184326171875
477,1784529989.6842468,1784529989.6895335,5.286693572998047
479,1784529989.6883855,1784529989.692463,4.077434539794922
480,1784529989.6907127,1784529989.692582,1.86920166015625
481,1784529989.69256,1784529989.698063,5.502939224243164
483,1784529989.6978083,1784529989.699501,1.6927719116210938
482,1784529989.6948104,1784529989.6995008,4.690408706665039
484,1784529989.699675,1784529989.7015293,1.8541812896728516
485,1784529989.7010796,1784529989.70404,2.9604434967041016
486,1784529989.7034898,1784529989.705502,2.0122528076171875
487,1784529989.7053022,1784529989.7071013,1.7991065979003906
488,1784529989.7071054,1784529989.7085927,1.4872550964355469
489,1784529989.7087183,1784529989.7099967,1.2784004211425781
490,1784529989.7097893,1784529989.7127647,2.9754638671875
491,1784529989.713384,1784529989.715158,1.7740726470947266
492,1784529989.7150786,1784529989.7179267,2.8481483459472656
493,1784529989.716734,1784529989.719249,2.515077590942383
494,1784529989.718745,1784529989.7205439,1.798868179321289
495,1784529989.720397,1784529989.7219083,1.5113353729248047
496,1784529989.721775,1784529989.7239177,2.142667770385742
497,1784529989.7233107,1784529989.7262478,2.9370784759521484
498,1784529989.7262616,1784529989.729873,3.611326217651367
499,1784529989.7293563,1784529989.7316093,2.2530555725097656
500,1784529989.7317073,1784529989.73332,1.6126632690429688
501,1784529989.7333102,1784529989.735823,2.512693405151367
502,1784529989.7345383,1784529989.737621,3.082752227783203
503,1784529989.736667,1784529989.7391331,2.4662017822265625
504,1784529989.738945,1784529989.7412012,2.256155014038086
505,1784529989.7411063,1784529989.743039,1.9326210021972656
506,1784529989.7436771,1784529989.7462766,2.599477767944336
507,1784529989.7461758,1784529989.7487233,2.5475025177001953
508,1784529989.7487621,1784529989.7504125,1.6503334045410156
509,1784529989.750285,1784529989.7533145,3.0295848846435547
510,1784529989.7531714,1784529989.7555656,2.3941993713378906
511,1784529989.755766,1784529989.757536,1.77001953125
512,1784529989.757499,1784529989.7599423,2.4433135986328125
513,1784529989.7598586,1784529989.7634506,3.5920143127441406
514,1784529989.76248,1784529989.7654676,2.9876232147216797
515,1784529989.7649736,1784529989.7672172,2.243518829345703
516,1784529989.7672167,1784529989.7686317,1.4150142669677734
518,1784529989.7700725,1784529989.7715502,1.4777183532714844
517,1784529989.7686322,1784529989.770122,1.489877700805664
519,1784529989.7715578,1784529989.7729583,1.4004707336425781
520,1784529989.7728982,1784529989.774196,1.2977123260498047
521,1784529989.7741978,1784529989.7756283,1.430511474609375
522,1784529989.7755077,1784529989.779582,4.074335098266602
523,1784529989.779358,1784529989.781492,2.134084701538086
524,1784529989.7815092,1784529989.7841408,2.631664276123047
525,1784529989.783195,1784529989.785147,1.9519329071044922
526,1784529989.7848873,1784529989.7869985,2.111196517944336
527,1784529989.7859385,1784529989.7870016,1.0631084442138672
528,1784529989.7872036,1784529989.7888656,1.6620159149169922
529,1784529989.788908,1784529989.79033,1.4219284057617188
531,1784529989.7915351,1784529989.793036,1.500844955444336
530,1784529989.7901247,1784529989.7922685,2.14385986328125
532,1784529989.7929819,1784529989.7944,1.4181137084960938
533,1784529989.7945366,1784529989.7959301,1.3935565948486328
534,1784529989.7956126,1784529989.8012908,5.6781768798828125
536,1784529989.7989821,1784529989.8022392,3.2570362091064453
535,1784529989.7972693,1784529989.8022416,4.972219467163086
537,1784529989.8008242,1784529989.8053076,4.483461380004883
538,1784529989.80242,1784529989.806617,4.197120666503906
539,1784529989.804402,1784529989.8068657,2.4635791778564453
540,1784529989.8060164,1784529989.8100934,4.076957702636719
541,1784529989.8088543,1784529989.8103614,1.5070438385009766
542,1784529989.810308,1784529989.8113863,1.0783672332763672
543,1784529989.8113842,1784529989.815028,3.6437511444091797
546,1784529989.8158686,1784529989.817627,1.7583370208740234
545,1784529989.8144598,1784529989.8176248,3.165006637573242
544,1784529989.8130023,1784529989.8174546,4.452228546142578
547,1784529989.8176422,1784529989.823563,5.920886993408203
548,1784529989.8190093,1784529989.8243892,5.379915237426758
550,1784529989.8230605,1784529989.8257918,2.7313232421875
549,1784529989.8205996,1784529989.8244245,3.824949264526367
551,1784529989.8249993,1784529989.8304207,5.42140007019043
552,1784529989.828824,1784529989.8310199,2.1958351135253906
553,1784529989.8302581,1784529989.8324819,2.2237300872802734
556,1784529989.835038,1784529989.8364403,1.4023780822753906
554,1784529989.8322425,1784529989.8351023,2.859830856323242
555,1784529989.8334694,1784529989.8356042,2.1347999572753906
559,1784529989.8409452,1784529989.8448133,3.86810302734375
557,1784529989.8360848,1784529989.846177,10.09225845336914
558,1784529989.837506,1784529989.845599,8.092880249023438
562,1784529989.850546,1784529989.8642635,13.7176513671875
561,1784529989.8454602,1784529989.864263,18.802881240844727
560,1784529989.8424056,1784529989.84782,5.414485931396484
563,1784529989.8519688,1784529989.866285,14.316320419311523
564,1784529989.853535,1784529989.8762236,22.688627243041992
566,1784529989.856805,1784529989.8769584,20.153284072875977
565,1784529989.8549483,1784529989.880378,25.429725646972656
567,1784529989.85845,1784529989.8834155,24.965524673461914
570,1784529989.8707488,1784529989.8887036,17.95482635498047
569,1784529989.869427,1784529989.8886592,19.23227310180664
568,1784529989.8641503,1784529989.8884926,24.34229850769043
571,1784529989.8722677,1784529989.8936052,21.337509155273438
572,1784529989.8757489,1784529989.8967242,20.975351333618164
574,1784529989.878394,1784529989.8997805,21.38662338256836
573,1784529989.877058,1784529989.8997798,22.72176742553711
576,1784529989.8810666,1784529989.9033694,22.302865982055664
577,1784529989.8863873,1784529989.905835,19.44756507873535
578,1784529989.8887227,1784529989.907116,18.393278121948242
575,1784529989.8800201,1784529989.9033349,23.314714431762695
579,1784529989.891677,1784529989.9086733,16.996383666992188
580,1784529989.8935575,1784529989.9184256,24.868011474609375
582,1784529989.899549,1784529989.9190521,19.503116607666016
581,1784529989.896787,1784529989.9190507,22.263765335083008
583,1784529989.9012284,1784529989.919625,18.396615982055664
584,1784529989.9029093,1784529989.932915,30.005693435668945
585,1784529989.9045355,1784529989.933423,28.887510299682617
586,1784529989.9059575,1784529989.9341888,28.231382369995117
587,1784529989.9076853,1784529989.9388852,31.199932098388672
590,1784529989.9158733,1784529989.9400265,24.15323257446289
588,1784529989.9089308,1784529989.9389515,30.020713806152344
589,1784529989.912983,1784529989.9400272,27.044296264648438
593,1784529989.9225118,1784529989.9534364,30.924558639526367
592,1784529989.9209466,1784529989.9527104,31.763792037963867
591,1784529989.9195757,1784529989.9530637,33.48803520202637
594,1784529989.9241185,1784529989.9575648,33.446311950683594
595,1784529989.9256334,1784529989.9605234,34.889936447143555
597,1784529989.928982,1784529989.9626389,33.65683555603027
596,1784529989.927322,1784529989.9614527,34.13081169128418
598,1784529989.930866,1784529989.96485,33.98394584655762
599,1784529989.9328122,1784529989.9715993,38.787126541137695
600,1784529989.9393685,1784529989.9715996,32.23109245300293
602,1784529989.942383,1784529989.9737794,31.39638900756836
601,1784529989.9409077,1784529989.9737794,32.87172317504883
605,1784529989.9523373,1784529989.9804723,28.135061264038086
604,1784529989.9497602,1784529989.977114,27.353763580322266
603,1784529989.9439614,1784529989.977114,33.15258026123047
606,1784529989.956661,1784529989.9810872,24.42622184753418
608,1784529989.962556,1784529989.9846325,22.07660675048828
607,1784529989.9605808,1784529989.9846315,24.05071258544922
609,1784529989.9645,1784529989.9868226,22.322654724121094
610,1784529989.966416,1784529989.986825,20.409107208251953
612,1784529989.973999,1784529989.9887602,14.761209487915039
611,1784529989.9703562,1784529989.9887602,18.404006958007812
613,1784529989.9778812,1784529989.9939744,16.09325408935547
614,1784529989.979911,1784529989.9972997,17.388582229614258
616,1784529989.9872844,1784529989.9982038,10.919332504272461
615,1784529989.9813957,1784529989.9982038,16.808032989501953
617,1784529989.990322,1784529990.0033762,13.054132461547852
618,1784529989.992273,1784529990.0036876,11.414527893066406
620,1784529989.9961476,1784529990.0056586,9.510993957519531
619,1784529989.9938402,1784529990.005656,11.815786361694336
621,1784529989.9981716,1784529990.0121038,13.932228088378906
622,1784529990.0037353,1784529990.0126946,8.959293365478516
623,1784529990.005569,1784529990.0150664,9.497404098510742
624,1784529990.0130918,1784529990.0159664,2.874612808227539
625,1784529990.0151155,1784529990.0191886,4.073143005371094
627,1784529990.0204084,1784529990.0218048,1.3964176177978516
626,1784529990.0190177,1784529990.0205066,1.4889240264892578
628,1784529990.0217714,1784529990.0238333,2.0618438720703125
629,1784529990.0236442,1784529990.0281627,4.5185089111328125
630,1784529990.028392,1784529990.034672,6.279945373535156
631,1784529990.0315433,1784529990.0360115,4.468202590942383
632,1784529990.035946,1784529990.0375123,1.5664100646972656
633,1784529990.0373404,1784529990.0447516,7.41124153137207
635,1784529990.0457323,1784529990.0472894,1.5571117401123047
634,1784529990.0419333,1784529990.0457175,3.7841796875
636,1784529990.0472727,1784529990.049056,1.7833709716796875
637,1784529990.0489726,1784529990.054085,5.112409591674805
639,1784529990.053287,1784529990.06197,8.682966232299805
640,1784529990.054367,1784529990.0608718,6.50477409362793
638,1784529990.0516074,1784529990.0611475,9.540081024169922
642,1784529990.0573375,1784529990.06816,10.822534561157227
641,1784529990.0554638,1784529990.0660558,10.591983795166016
643,1784529990.0604722,1784529990.0689065,8.434295654296875
644,1784529990.0625417,1784529990.0726273,10.085582733154297
647,1784529990.0691736,1784529990.0770693,7.895708084106445
646,1784529990.0672493,1784529990.0765505,9.301185607910156
645,1784529990.0648587,1784529990.0758426,10.983943939208984
648,1784529990.0759206,1784529990.0810628,5.1422119140625
649,1784529990.0805008,1784529990.089224,8.723258972167969
650,1784529990.083052,1784529990.089592,6.540060043334961
651,1784529990.086113,1784529990.0902507,4.137754440307617
652,1784529990.088007,1784529990.093268,5.260944366455078
653,1784529990.0898726,1784529990.0933597,3.487110137939453
654,1784529990.0914364,1784529990.0960855,4.649162292480469
655,1784529990.0926216,1784529990.0974984,4.876852035522461
656,1784529990.0939755,1784529990.0987751,4.799604415893555
658,1784529990.097521,1784529990.0998282,2.3071765899658203
657,1784529990.0962274,1784529990.0989716,2.7441978454589844
659,1784529990.0985475,1784529990.1005337,1.9862651824951172
661,1784529990.102183,1784529990.105262,3.078937530517578
660,1784529990.0998287,1784529990.1046638,4.8351287841796875
662,1784529990.105236,1784529990.108078,2.841949462890625
663,1784529990.1079688,1784529990.1099668,1.9979476928710938
665,1784529990.1125982,1784529990.1139405,1.3422966003417969
664,1784529990.1099446,1784529990.1136615,3.7169456481933594
666,1784529990.1139047,1784529990.116052,2.147197723388672
667,1784529990.115919,1784529990.119041,3.1218528747558594
668,1784529990.1186514,1784529990.1212342,2.5827884674072266
669,1784529990.1208377,1784529990.1234014,2.5637149810791016
670,1784529990.1218665,1784529990.1273859,5.519390106201172
671,1784529990.1277018,1784529990.1316845,3.9827823638916016
672,1784529990.1316388,1784529990.1334674,1.8286705017089844
673,1784529990.1332104,1784529990.1352873,2.076864242553711
674,1784529990.1351275,1784529990.1379998,2.8722286224365234
675,1784529990.1377892,1784529990.1392121,1.422882080078125
677,1784529990.1414897,1784529990.1442702,2.780437469482422
676,1784529990.139049,1784529990.1440332,4.984140396118164
678,1784529990.1439085,1784529990.1479952,4.086732864379883
679,1784529990.148429,1784529990.1509602,2.531290054321289
680,1784529990.1512682,1784529990.1539743,2.7060508728027344
681,1784529990.153911,1784529990.157766,3.854990005493164
682,1784529990.15754,1784529990.1588593,1.3191699981689453
683,1784529990.158726,1784529990.1602101,1.4841556549072266
685,1784529990.1615038,1784529990.1669102,5.406379699707031
684,1784529990.1601763,1784529990.1668146,6.638288497924805
686,1784529990.1635497,1784529990.1687438,5.194187164306641
687,1784529990.1655762,1784529990.1706486,5.072355270385742
688,1784529990.1688662,1784529990.172239,3.3729076385498047
690,1784529990.1733332,1784529990.1752837,1.9505023956298828
692,1784529990.1759996,1784529990.1798265,3.8268566131591797
691,1784529990.1745424,1784529990.179995,5.452632904052734
689,1784529990.170926,1784529990.1733315,2.405405044555664
693,1784529990.179492,1784529990.1852884,5.7964324951171875
694,1784529990.1836839,1784529990.1869276,3.243684768676758
697,1784529990.1926484,1784529990.194083,1.4345645904541016
696,1784529990.1911495,1784529990.1926107,1.4612674713134766
695,1784529990.187117,1784529990.1909156,3.7984848022460938
698,1784529990.1938748,1784529990.1983004,4.425525665283203
701,1784529990.2014031,1784529990.207393,5.989789962768555
700,1784529990.199531,1784529990.2073004,7.769346237182617
702,1784529990.203149,1784529990.2082164,5.067348480224609
699,1784529990.1954014,1784529990.2072918,11.890411376953125
704,1784529990.2160788,1784529990.2192137,3.1349658966064453
703,1784529990.2071338,1784529990.2155337,8.39996337890625
705,1784529990.2191043,1784529990.2225463,3.442049026489258
706,1784529990.2213867,1784529990.2295883,8.20159912109375
708,1784529990.2298973,1784529990.2329736,3.076314926147461
707,1784529990.2247667,1784529990.2346478,9.881019592285156
709,1784529990.2331283,1784529990.2350733,1.9450187683105469
710,1784529990.234781,1784529990.23684,2.0589828491210938
711,1784529990.2373974,1784529990.2412405,3.843069076538086
712,1784529990.2388973,1784529990.2443006,5.403280258178711
713,1784529990.240988,1784529990.2452497,4.26173210144043
714,1784529990.2435596,1784529990.245871,2.3114681243896484
715,1784529990.245239,1784529990.24757,2.3310184478759766
716,1784529990.2467833,1784529990.2504847,3.701448440551758
717,1784529990.2477279,1784529990.250556,2.8281211853027344
718,1784529990.2490103,1784529990.2512956,2.2852420806884766
719,1784529990.2507253,1784529990.2523174,1.5921592712402344
720,1784529990.252233,1784529990.254757,2.5238990783691406
721,1784529990.2543883,1784529990.2571454,2.7570724487304688
722,1784529990.256935,1784529990.2591486,2.213716506958008
723,1784529990.2588172,1784529990.2619817,3.164529800415039
724,1784529990.2622528,1784529990.264632,2.379179000854492
725,1784529990.2640219,1784529990.2670338,3.011941909790039
726,1784529990.2654066,1784529990.2671118,1.705169677734375
727,1784529990.2667985,1784529990.2679715,1.1730194091796875
728,1784529990.2680125,1784529990.2722309,4.218339920043945
729,1784529990.2703068,1784529990.2734077,3.100872039794922
730,1784529990.273287,1784529990.2759764,2.689361572265625
731,1784529990.2764034,1784529990.2789562,2.5527477264404297
732,1784529990.2787244,1784529990.2803092,1.584768295288086
733,1784529990.2802925,1784529990.2816486,1.3561248779296875
734,1784529990.2813501,1784529990.2830923,1.7421245574951172
736,1784529990.2852495,1784529990.2884932,3.243684768676758
735,1784529990.2830682,1784529990.2879572,4.889011383056641
738,1784529990.289689,1784529990.2907963,1.1072158813476562
737,1784529990.2884378,1784529990.289836,1.3980865478515625
739,1784529990.2908723,1784529990.2932675,2.395153045654297
740,1784529990.294803,1784529990.2988927,4.089832305908203
741,1784529990.2984931,1784529990.3000338,1.5406608581542969
743,1784529990.301387,1784529990.303143,1.7559528350830078
742,1784529990.2999992,1784529990.3018448,1.8455982208251953
745,1784529990.3049145,1784529990.3086202,3.705739974975586
744,1784529990.302871,1784529990.306155,3.283977508544922
746,1784529990.3062506,1784529990.308622,2.3713111877441406
747,1784529990.3080418,1784529990.3097057,1.6639232635498047
749,1784529990.3121471,1784529990.3139708,1.8236637115478516
750,1784529990.313555,1784529990.315322,1.7669200897216797
748,1784529990.3096442,1784529990.3138053,4.16111946105957
751,1784529990.3151715,1784529990.3166475,1.4760494232177734
753,1784529990.3178265,1784529990.3195164,1.689910888671875
752,1784529990.316599,1784529990.3192832,2.684354782104492
754,1784529990.3195474,1784529990.3215177,1.9702911376953125
755,1784529990.3216515,1784529990.324319,2.6674270629882812
756,1784529990.324245,1784529990.326023,1.7781257629394531
757,1784529990.3255706,1784529990.3277466,2.176046371459961
760,1784529990.3313591,1784529990.334127,2.767801284790039
758,1784529990.3280776,1784529990.3298905,1.8129348754882812
759,1784529990.329899,1784529990.334317,4.417896270751953
761,1784529990.3327332,1784529990.335108,2.374887466430664
762,1784529990.334253,1784529990.3383148,4.061698913574219
763,1784529990.336044,1784529990.3396428,3.5986900329589844
764,1784529990.33834,1784529990.339776,1.435995101928711
765,1784529990.3396838,1784529990.342102,2.4182796478271484
766,1784529990.341218,1784529990.345998,4.780054092407227
767,1784529990.3456442,1784529990.3487437,3.0994415283203125
768,1784529990.3470101,1784529990.348834,1.8239021301269531
769,1784529990.348346,1784529990.350406,2.0599365234375
770,1784529990.3503237,1784529990.3532884,2.9647350311279297
771,1784529990.3526375,1784529990.3543055,1.6679763793945312
772,1784529990.3538935,1784529990.355341,1.447439193725586
773,1784529990.355342,1784529990.357185,1.8429756164550781
774,1784529990.356304,1784529990.3594337,3.129720687866211
775,1784529990.3597546,1784529990.362986,3.231525421142578
776,1784529990.3631208,1784529990.3655505,2.4297237396240234
777,1784529990.3653507,1784529990.366988,1.6372203826904297
778,1784529990.3667717,1784529990.3682024,1.4307498931884766
779,1784529990.3687358,1784529990.3705223,1.7864704132080078
780,1784529990.3717473,1784529990.3737507,2.0034313201904297
781,1784529990.373858,1784529990.3782506,4.3926239013671875
783,1784529990.3814077,1784529990.3837101,2.302408218383789
782,1784529990.3786242,1784529990.382004,3.37982177734375
784,1784529990.383303,1784529990.3854325,2.1295547485351562
785,1784529990.3853755,1784529990.3877466,2.371072769165039
786,1784529990.387118,1784529990.388584,1.4657974243164062
787,1784529990.388574,1784529990.3903208,1.7468929290771484
789,1784529990.3916278,1784529990.3935442,1.9164085388183594
788,1784529990.3902965,1784529990.392403,2.1064281463623047
790,1784529990.3933496,1784529990.39629,2.9404163360595703
791,1784529990.395704,1784529990.397797,2.093076705932617
792,1784529990.3978608,1784529990.4004698,2.6090145111083984
793,1784529990.399664,1784529990.401801,2.1371841430664062
794,1784529990.4016874,1784529990.4031444,1.4569759368896484
795,1784529990.4030035,1784529990.4046142,1.6107559204101562
796,1784529990.404434,1784529990.4080951,3.6611557006835938
797,1784529990.4064543,1784529990.4080813,1.6269683837890625
798,1784529990.4075432,1784529990.410784,3.240823745727539
799,1784529990.4108083,1784529990.4129086,2.100229263305664
801,1784529990.4147234,1784529990.4175324,2.8090476989746094
800,1784529990.4126713,1784529990.4173236,4.652261734008789
802,1784529990.4176722,1784529990.4194562,1.7840862274169922
803,1784529990.4199183,1784529990.422831,2.912759780883789
804,1784529990.4228876,1784529990.4250288,2.141237258911133
805,1784529990.4249732,1784529990.4271524,2.1791458129882812
806,1784529990.429073,1784529990.4315608,2.487659454345703
807,1784529990.431739,1784529990.4337811,2.042055130004883
808,1784529990.433715,1784529990.4349253,1.2102127075195312
809,1784529990.4347937,1784529990.4364166,1.622915267944336
810,1784529990.436657,1784529990.4395716,2.9146671295166016
811,1784529990.4408107,1784529990.4437292,2.9184818267822266
812,1784529990.443421,1784529990.4466202,3.199338912963867
813,1784529990.446047,1784529990.4480805,2.0334720611572266
816,1784529990.4524486,1784529990.4547884,2.3398399353027344
815,1784529990.4507406,1784529990.4523678,1.627206802368164
814,1784529990.4480517,1784529990.4515307,3.47900390625
817,1784529990.4547572,1784529990.4598815,5.124330520629883
818,1784529990.458811,1784529990.4630473,4.2362213134765625
819,1784529990.4629707,1784529990.4649916,2.0208358764648438
820,1784529990.4650035,1784529990.4669132,1.9097328186035156
821,1784529990.4667065,1784529990.4705253,3.8187503814697266
822,1784529990.4707236,1784529990.471886,1.1622905731201172
824,1784529990.473328,1784529990.4752672,1.9390583038330078
823,1784529990.471843,1784529990.4733694,1.5263557434082031
825,1784529990.474615,1784529990.476715,2.0999908447265625
826,1784529990.4760468,1784529990.4849677,8.920907974243164
829,1784529990.4822903,1784529990.4857242,3.4339427947998047
828,1784529990.4795663,1784529990.4851332,5.566835403442383
827,1784529990.4774735,1784529990.4851995,7.725954055786133
830,1784529990.484547,1784529990.4902022,5.6552886962890625
833,1784529990.489395,1784529990.4913273,1.932382583618164
832,1784529990.4870205,1784529990.490654,3.6334991455078125
831,1784529990.4858317,1784529990.490562,4.730224609375
835,1784529990.4927669,1784529990.4983447,5.577802658081055
834,1784529990.4912174,1784529990.4978478,6.630420684814453
836,1784529990.4943025,1784529990.498307,4.004478454589844
837,1784529990.496129,1784529990.4999702,3.8411617279052734
839,1784529990.4987736,1784529990.5044138,5.640268325805664
838,1784529990.497417,1784529990.5040855,6.668567657470703
840,1784529990.5002415,1784529990.504522,4.280567169189453
841,1784529990.501718,1784529990.5055647,3.8466453552246094
842,1784529990.5030158,1784529990.5107486,7.732868194580078
844,1784529990.5062666,1784529990.5109131,4.646539688110352
843,1784529990.5046678,1784529990.5108864,6.218671798706055
845,1784529990.5083911,1784529990.5121331,3.7419795989990234
847,1784529990.5139241,1784529990.5165825,2.658367156982422
846,1784529990.512147,1784529990.516644,4.497051239013672
848,1784529990.5155754,1784529990.5173056,1.730203628540039
849,1784529990.516706,1784529990.5185587,1.8527507781982422
851,1784529990.519784,1784529990.522488,2.704143524169922
850,1784529990.518532,1784529990.52204,3.507852554321289
852,1784529990.52074,1784529990.5227454,2.005338668823242
853,1784529990.522013,1784529990.5251772,3.1642913818359375
854,1784529990.5229187,1784529990.5286708,5.752086639404297
855,1784529990.5244179,1784529990.5295846,5.166769027709961
856,1784529990.5257883,1784529990.5301669,4.378557205200195
857,1784529990.5287435,1784529990.532573,3.829479217529297
858,1784529990.5306082,1784529990.5341916,3.5834312438964844
859,1784529990.5322545,1784529990.5358326,3.57818603515625
860,1784529990.5338595,1784529990.5358346,1.9750595092773438
861,1784529990.5369594,1784529990.5393553,2.3958683013916016
862,1784529990.5394132,1784529990.5409272,1.5139579772949219
863,1784529990.540863,1784529990.5426621,1.7991065979003906
865,1784529990.5463235,1784529990.5479743,1.6508102416992188
864,1784529990.54404,1784529990.5462801,2.2401809692382812
866,1784529990.5478926,1784529990.5504596,2.5670528411865234
868,1784529990.5517426,1784529990.5531638,1.421213150024414
867,1784529990.5500367,1784529990.5525079,2.4712085723876953
869,1784529990.55308,1784529990.5557406,2.660512924194336
870,1784529990.5555444,1784529990.5577102,2.1657943725585938
872,1784529990.5595915,1784529990.5609653,1.3737678527832031
873,1784529990.560906,1784529990.5621245,1.218557357788086
871,1784529990.5576878,1784529990.5595963,1.9085407257080078
876,1784529990.5655653,1784529990.5696406,4.075288772583008
875,1784529990.563945,1784529990.5691814,5.236387252807617
874,1784529990.5621257,1784529990.5695932,7.467508316040039
877,1784529990.5668366,1784529990.569984,3.1473636627197266
878,1784529990.5679884,1784529990.575236,7.247686386108398
881,1784529990.5739105,1784529990.5758576,1.947164535522461
880,1784529990.5718575,1784529990.5767384,4.8809051513671875
879,1784529990.5699522,1784529990.5752363,5.28407096862793
883,1784529990.5783296,1784529990.5822039,3.8743019104003906
884,1784529990.5806787,1784529990.583107,2.428293228149414
882,1784529990.5763237,1784529990.5822015,5.87773323059082
885,1784529990.5830789,1784529990.5850842,2.005338668823242
888,1784529990.5875041,1784529990.5902102,2.7060508728027344
886,1784529990.5850394,1784529990.5902128,5.173444747924805
887,1784529990.5862966,1784529990.5901904,3.8938522338867188
889,1784529990.5886662,1784529990.5941036,5.437374114990234
890,1784529990.589865,1784529990.5950482,5.183219909667969
891,1784529990.5916703,1784529990.5951557,3.485441207885742
892,1784529990.5944479,1784529990.5962393,1.7914772033691406
893,1784529990.5962653,1784529990.5993729,3.1075477600097656
894,1784529990.5974588,1784529990.6008604,3.401517868041992
895,1784529990.6008189,1784529990.6019564,1.1374950408935547
896,1784529990.6019359,1784529990.6035504,1.6145706176757812
899,1784529990.6063364,1784529990.608605,2.268552780151367
897,1784529990.6033897,1784529990.6067407,3.350973129272461
900,1784529990.6076276,1784529990.609895,2.2673606872558594
898,1784529990.6050925,1784529990.607773,2.680540084838867
901,1784529990.6091173,1784529990.614387,5.269765853881836
902,1784529990.6106231,1784529990.6143837,3.7605762481689453
903,1784529990.6122541,1784529990.6154363,3.1821727752685547
904,1784529990.615127,1784529990.6170225,1.8954277038574219
905,1784529990.616925,1784529990.620027,3.1020641326904297
906,1784529990.6200225,1784529990.6214206,1.3980865478515625
907,1784529990.6213393,1784529990.6228626,1.5232563018798828
908,1784529990.6228187,1784529990.6240773,1.2586116790771484
909,1784529990.6240077,1784529990.6256838,1.6760826110839844
910,1784529990.6256745,1784529990.6276455,1.9710063934326172
911,1784529990.627477,1784529990.631855,4.378080368041992
912,1784529990.6290495,1784529990.632435,3.3855438232421875
913,1784529990.6315491,1784529990.634869,3.319978713989258
914,1784529990.6341977,1784529990.6361482,1.9505023956298828
915,1784529990.6356983,1784529990.6377623,2.0639896392822266
916,1784529990.6378007,1784529990.63938,1.57928466796875
917,1784529990.639431,1784529990.6409764,1.5454292297363281
918,1784529990.6408966,1784529990.6424131,1.516580581665039
919,1784529990.6424139,1784529990.6439881,1.5742778778076172
920,1784529990.6438184,1784529990.6459458,2.127408981323242
922,1784529990.6470861,1784529990.652174,5.087852478027344
921,1784529990.6453612,1784529990.649074,3.712892532348633
923,1784529990.648507,1784529990.6546338,6.126642227172852
924,1784529990.6498454,1784529990.655088,5.242586135864258
925,1784529990.652765,1784529990.6565433,3.778219223022461
926,1784529990.6558495,1784529990.6575093,1.6598701477050781
927,1784529990.6574552,1784529990.6591048,1.649618148803711
928,1784529990.659004,1784529990.661894,2.8901100158691406
929,1784529990.6616795,1784529990.6630425,1.3630390167236328
930,1784529990.6629584,1784529990.6650763,2.1178722381591797
931,1784529990.6649957,1784529990.6671507,2.1550655364990234
932,1784529990.6674144,1784529990.6693304,1.9159317016601562
933,1784529990.6684833,1784529990.6695566,1.0733604431152344
935,1784529990.6711009,1784529990.6740172,2.9163360595703125
934,1784529990.6695158,1784529990.674059,4.543066024780273
936,1784529990.6725976,1784529990.676349,3.7512779235839844
937,1784529990.6748936,1784529990.6785905,3.696918487548828
938,1784529990.6783652,1784529990.681122,2.756834030151367
939,1784529990.6805763,1784529990.682493,1.916646957397461
940,1784529990.682406,1784529990.6842008,1.7948150634765625
941,1784529990.6842635,1784529990.6857607,1.4972686767578125
942,1784529990.6854558,1784529990.6880355,2.5796890258789062
943,1784529990.6876266,1784529990.6894984,1.8718242645263672
944,1784529990.6897311,1784529990.6941786,4.447460174560547
945,1784529990.6915317,1784529990.6955264,3.9947032928466797
946,1784529990.6955845,1784529990.698149,2.5644302368164062
947,1784529990.6981025,1784529990.6998563,1.7538070678710938
948,1784529990.6998696,1784529990.7017639,1.894235610961914
950,1784529990.7026706,1784529990.7049983,2.3276805877685547
949,1784529990.7012947,1784529990.704117,2.822399139404297
951,1784529990.7047243,1784529990.7068563,2.131938934326172
952,1784529990.706079,1784529990.713358,7.278919219970703
954,1784529990.7092385,1784529990.7143016,5.063056945800781
953,1784529990.7071092,1784529990.7142546,7.145404815673828
955,1784529990.711472,1784529990.7148175,3.345489501953125
956,1784529990.7141123,1784529990.7180119,3.8995742797851562
957,1784529990.7174551,1784529990.7197115,2.2563934326171875
958,1784529990.7200282,1784529990.7224486,2.4204254150390625
959,1784529990.7222779,1784529990.7241325,1.8546581268310547
960,1784529990.7237728,1784529990.725416,1.6431808471679688
962,1784529990.730245,1784529990.7318313,1.5861988067626953
961,1784529990.7258694,1784529990.7302697,4.4002532958984375
963,1784529990.7320101,1784529990.7339647,1.9545555114746094
965,1784529990.7350228,1784529990.7363,1.2772083282470703
964,1784529990.7338185,1784529990.7360523,2.233743667602539
966,1784529990.736429,1784529990.7390072,2.578258514404297
968,1784529990.7412007,1784529990.742871,1.6703605651855469
967,1784529990.7391064,1784529990.741268,2.1615028381347656
969,1784529990.7427766,1784529990.7447326,1.9559860229492188
970,1784529990.7446165,1784529990.74696,2.343416213989258
971,1784529990.7476943,1784529990.7492893,1.5950202941894531
972,1784529990.7489824,1784529990.7509289,1.9464492797851562
973,1784529990.75125,1784529990.7529652,1.7151832580566406
974,1784529990.7528145,1784529990.7547455,1.9309520721435547
975,1784529990.7547708,1784529990.7561686,1.397848129272461
977,1784529990.7573,1784529990.7591133,1.8134117126464844
978,1784529990.7584472,1784529990.7600768,1.6295909881591797
976,1784529990.7559958,1784529990.758007,2.0112991333007812
979,1784529990.7599664,1784529990.762018,2.0515918731689453
981,1784529990.7632759,1784529990.7648509,1.5749931335449219
980,1784529990.7620335,1784529990.7648385,2.804994583129883
982,1784529990.7648025,1784529990.7675257,2.723217010498047
983,1784529990.767478,1784529990.7692327,1.7547607421875
984,1784529990.7697182,1784529990.772416,2.6979446411132812
985,1784529990.7722566,1784529990.774133,1.8763542175292969
986,1784529990.7741776,1784529990.775735,1.5573501586914062
987,1784529990.7758117,1784529990.7773678,1.5561580657958984
988,1784529990.7772472,1784529990.7799814,2.7341842651367188
989,1784529990.7792075,1784529990.7815583,2.3508071899414062
990,1784529990.7803278,1784529990.7832425,2.9146671295166016
991,1784529990.7834337,1784529990.7852962,1.8625259399414062
992,1784529990.7847786,1784529990.7869136,2.135038375854492
993,1784529990.7868016,1784529990.7891326,2.3310184478759766
994,1784529990.7887995,1784529990.7909293,2.129793167114258
996,1784529990.7935605,1784529990.7959502,2.389669418334961
997,1784529990.795954,1784529990.7974935,1.539468765258789
995,1784529990.7910419,1784529990.7937915,2.7496814727783203
998,1784529990.7972806,1784529990.7993689,2.088308334350586
999,1784529990.7990193,1784529990.8017938,2.774477005004883
